-- --------------------------------------------------------
-- Host:                         127.0.0.1
-- Server version:               8.0.30 - MySQL Community Server - GPL
-- Server OS:                    Win64
-- HeidiSQL Version:             12.1.0.6537
-- --------------------------------------------------------

/*!40101 SET @OLD_CHARACTER_SET_CLIENT=@@CHARACTER_SET_CLIENT */;
/*!40101 SET NAMES utf8 */;
/*!50503 SET NAMES utf8mb4 */;
/*!40103 SET @OLD_TIME_ZONE=@@TIME_ZONE */;
/*!40103 SET TIME_ZONE='+00:00' */;
/*!40014 SET @OLD_FOREIGN_KEY_CHECKS=@@FOREIGN_KEY_CHECKS, FOREIGN_KEY_CHECKS=0 */;
/*!40101 SET @OLD_SQL_MODE=@@SQL_MODE, SQL_MODE='NO_AUTO_VALUE_ON_ZERO' */;
/*!40111 SET @OLD_SQL_NOTES=@@SQL_NOTES, SQL_NOTES=0 */;

-- Dumping structure for table result_grading.admins
CREATE TABLE IF NOT EXISTS `admins` (
  `id` bigint unsigned NOT NULL AUTO_INCREMENT,
  `first_name` varchar(255) CHARACTER SET utf8mb4 COLLATE utf8mb4_unicode_ci NOT NULL,
  `last_name` varchar(255) COLLATE utf8mb4_unicode_ci DEFAULT NULL,
  `email` varchar(255) COLLATE utf8mb4_unicode_ci NOT NULL,
  `email_verified_at` timestamp NULL DEFAULT NULL,
  `password` varchar(255) COLLATE utf8mb4_unicode_ci NOT NULL,
  `phone` varchar(255) COLLATE utf8mb4_unicode_ci DEFAULT NULL,
  `image` varchar(255) COLLATE utf8mb4_unicode_ci DEFAULT NULL,
  `token` text CHARACTER SET utf8mb4 COLLATE utf8mb4_unicode_ci,
  `remember_token` varchar(100) COLLATE utf8mb4_unicode_ci DEFAULT NULL,
  `created_at` timestamp NULL DEFAULT NULL,
  `updated_at` timestamp NULL DEFAULT NULL,
  PRIMARY KEY (`id`),
  UNIQUE KEY `admins_email_unique` (`email`)
) ENGINE=InnoDB AUTO_INCREMENT=2 DEFAULT CHARSET=utf8mb4 COLLATE=utf8mb4_unicode_ci;

-- Dumping data for table result_grading.admins: ~1 rows (approximately)
INSERT INTO `admins` (`id`, `first_name`, `last_name`, `email`, `email_verified_at`, `password`, `phone`, `image`, `token`, `remember_token`, `created_at`, `updated_at`) VALUES
	(1, 'Test', 'User', 'admin@gmail.com', '2025-02-18 20:11:33', '$2y$12$FzfoXDDEXU574RW/qj4fl.fgrzKLR99j5JuiSEhcCbqS6tl6ryR9O', '4444444444444', 'FB_IMG_1713954308267.jpg', ' ', '9P6rX5Gb419vVKnG6fbf0WzFzAq7jvtvf7mQsFXq7RC83vy4dH2NbdMC9yRa', '2025-02-18 20:11:34', '2025-05-27 11:24:33');

-- Dumping structure for table result_grading.affectives
CREATE TABLE IF NOT EXISTS `affectives` (
  `id` bigint unsigned NOT NULL AUTO_INCREMENT,
  `student_id` bigint unsigned NOT NULL,
  `schoolsession_id` bigint unsigned NOT NULL,
  `semester_id` bigint unsigned NOT NULL,
  `type` varchar(255) COLLATE utf8mb4_unicode_ci NOT NULL,
  `marks` varchar(255) COLLATE utf8mb4_unicode_ci NOT NULL,
  `created_at` timestamp NULL DEFAULT NULL,
  `updated_at` timestamp NULL DEFAULT NULL,
  PRIMARY KEY (`id`),
  KEY `affectives_student_id_foreign` (`student_id`),
  CONSTRAINT `affectives_student_id_foreign` FOREIGN KEY (`student_id`) REFERENCES `students` (`id`) ON DELETE CASCADE
) ENGINE=InnoDB AUTO_INCREMENT=106 DEFAULT CHARSET=utf8mb4 COLLATE=utf8mb4_unicode_ci;

-- Dumping data for table result_grading.affectives: ~101 rows (approximately)
INSERT INTO `affectives` (`id`, `student_id`, `schoolsession_id`, `semester_id`, `type`, `marks`, `created_at`, `updated_at`) VALUES
	(1, 2, 6, 1, 'Punctuality', '3', '2025-03-17 20:51:50', '2025-03-17 20:51:50'),
	(2, 2, 6, 1, 'Perseverance', '3', '2025-03-17 20:51:50', '2025-03-17 20:51:50'),
	(3, 2, 6, 1, 'Responsibility', '3', '2025-03-17 20:51:50', '2025-03-17 20:51:50'),
	(4, 2, 6, 1, 'Diligence', '3', '2025-03-17 20:51:50', '2025-03-17 20:51:50'),
	(5, 2, 6, 1, 'Self Control', '3', '2025-03-17 20:51:50', '2025-03-17 20:51:50'),
	(6, 2, 6, 1, 'Neatness', '3', '2025-03-17 20:51:50', '2025-03-17 20:51:50'),
	(7, 2, 6, 1, 'Honesty', '3', '2025-03-17 20:51:50', '2025-03-17 20:51:50'),
	(8, 2, 6, 1, 'Reliability', '3', '2025-03-17 20:51:50', '2025-03-17 20:51:50'),
	(9, 2, 6, 1, 'Attendance', '3', '2025-03-17 20:51:50', '2025-03-17 20:51:50'),
	(10, 2, 6, 1, 'Initiative', '3', '2025-03-17 20:51:50', '2025-03-17 20:51:50'),
	(11, 2, 6, 1, 'Organization Ability', '3', '2025-03-17 20:51:50', '2025-03-17 20:51:50'),
	(12, 2, 6, 1, 'Attentiveness', '3', '2025-03-17 20:51:50', '2025-03-17 20:51:50'),
	(13, 2, 6, 1, 'Co-operativeness', '3', '2025-03-17 20:51:50', '2025-03-17 20:51:50'),
	(14, 2, 6, 1, 'Curiosity', '3', '2025-03-17 20:51:50', '2025-03-17 20:51:50'),
	(15, 2, 6, 1, 'Creativity', '3', '2025-03-17 20:51:50', '2025-03-17 20:51:50'),
	(16, 1, 6, 1, 'Punctuality', '2', '2025-03-17 20:51:58', '2025-03-17 20:51:58'),
	(17, 1, 6, 1, 'Perseverance', '2', '2025-03-17 20:51:58', '2025-03-17 20:51:58'),
	(18, 1, 6, 1, 'Responsibility', '2', '2025-03-17 20:51:58', '2025-03-17 20:51:58'),
	(19, 1, 6, 1, 'Diligence', '2', '2025-03-17 20:51:58', '2025-03-17 20:51:58'),
	(20, 1, 6, 1, 'Self Control', '2', '2025-03-17 20:51:58', '2025-03-17 20:51:58'),
	(21, 1, 6, 1, 'Neatness', '2', '2025-03-17 20:51:58', '2025-03-17 20:51:58'),
	(22, 1, 6, 1, 'Honesty', '2', '2025-03-17 20:51:58', '2025-03-17 20:51:58'),
	(23, 1, 6, 1, 'Reliability', '2', '2025-03-17 20:51:58', '2025-03-17 20:51:58'),
	(24, 1, 6, 1, 'Attendance', '2', '2025-03-17 20:51:58', '2025-03-17 20:51:58'),
	(25, 1, 6, 1, 'Initiative', '2', '2025-03-17 20:51:58', '2025-03-17 20:51:58'),
	(26, 1, 6, 1, 'Organization Ability', '2', '2025-03-17 20:51:58', '2025-03-17 20:51:58'),
	(27, 1, 6, 1, 'Attentiveness', '2', '2025-03-17 20:51:58', '2025-03-17 20:51:58'),
	(28, 1, 6, 1, 'Co-operativeness', '2', '2025-03-17 20:51:58', '2025-03-17 20:51:58'),
	(29, 1, 6, 1, 'Curiosity', '2', '2025-03-17 20:51:58', '2025-03-17 20:51:58'),
	(30, 1, 6, 1, 'Creativity', '2', '2025-03-17 20:51:58', '2025-03-17 20:51:58'),
	(31, 2, 6, 2, 'Punctuality', '4', '2025-03-17 20:54:00', '2025-03-17 20:54:00'),
	(32, 2, 6, 2, 'Perseverance', '5', '2025-03-17 20:54:00', '2025-03-17 20:54:00'),
	(33, 2, 6, 2, 'Responsibility', '6', '2025-03-17 20:54:00', '2025-03-17 20:54:00'),
	(34, 2, 6, 2, 'Diligence', '6', '2025-03-17 20:54:00', '2025-03-17 20:54:00'),
	(35, 2, 6, 2, 'Self Control', '4', '2025-03-17 20:54:00', '2025-03-17 20:54:00'),
	(36, 2, 6, 2, 'Neatness', '4', '2025-03-17 20:54:00', '2025-03-17 20:54:00'),
	(37, 2, 6, 2, 'Honesty', '5', '2025-03-17 20:54:00', '2025-03-17 20:54:00'),
	(38, 2, 6, 2, 'Reliability', '5', '2025-03-17 20:54:00', '2025-03-17 20:54:00'),
	(39, 2, 6, 2, 'Attendance', '5', '2025-03-17 20:54:00', '2025-03-17 20:54:00'),
	(40, 2, 6, 2, 'Initiative', '6', '2025-03-17 20:54:00', '2025-03-17 20:54:00'),
	(41, 2, 6, 2, 'Organization Ability', '4', '2025-03-17 20:54:00', '2025-03-17 20:54:00'),
	(42, 2, 6, 2, 'Attentiveness', '4', '2025-03-17 20:54:00', '2025-03-17 20:54:00'),
	(43, 2, 6, 2, 'Co-operativeness', '6', '2025-03-17 20:54:00', '2025-03-17 20:54:00'),
	(44, 2, 6, 2, 'Curiosity', '7', '2025-03-17 20:54:00', '2025-03-17 20:54:00'),
	(45, 2, 6, 2, 'Creativity', '4', '2025-03-17 20:54:00', '2025-03-17 20:54:00'),
	(46, 1, 6, 3, 'Punctuality', '3', '2025-03-17 20:55:13', '2025-03-17 20:55:13'),
	(47, 1, 6, 3, 'Perseverance', '2', '2025-03-17 20:55:13', '2025-03-17 20:55:13'),
	(48, 1, 6, 3, 'Responsibility', '3', '2025-03-17 20:55:13', '2025-03-17 20:55:13'),
	(49, 1, 6, 3, 'Diligence', '5', '2025-03-17 20:55:13', '2025-03-17 20:55:13'),
	(50, 1, 6, 3, 'Self Control', '4', '2025-03-17 20:55:13', '2025-03-17 20:55:13'),
	(51, 1, 6, 3, 'Neatness', '4', '2025-03-17 20:55:13', '2025-03-17 20:55:13'),
	(52, 1, 6, 3, 'Honesty', '5', '2025-03-17 20:55:13', '2025-03-17 20:55:13'),
	(53, 1, 6, 3, 'Reliability', '6', '2025-03-17 20:55:13', '2025-03-17 20:55:13'),
	(54, 1, 6, 3, 'Attendance', '4', '2025-03-17 20:55:13', '2025-03-17 20:55:13'),
	(55, 1, 6, 3, 'Initiative', '3', '2025-03-17 20:55:13', '2025-03-17 20:55:13'),
	(56, 1, 6, 3, 'Organization Ability', '7', '2025-03-17 20:55:13', '2025-03-17 20:55:13'),
	(57, 1, 6, 3, 'Attentiveness', '7', '2025-03-17 20:55:13', '2025-03-17 20:55:13'),
	(58, 1, 6, 3, 'Co-operativeness', '7', '2025-03-17 20:55:13', '2025-03-17 20:55:13'),
	(59, 1, 6, 3, 'Curiosity', '3', '2025-03-17 20:55:13', '2025-03-17 20:55:13'),
	(60, 1, 6, 3, 'Creativity', '7', '2025-03-17 20:55:13', '2025-03-17 20:55:13'),
	(61, 2, 6, 3, 'Punctuality', '3', '2025-03-17 20:55:29', '2025-03-17 20:55:29'),
	(62, 2, 6, 3, 'Perseverance', '5', '2025-03-17 20:55:29', '2025-03-17 20:55:29'),
	(63, 2, 6, 3, 'Responsibility', '6', '2025-03-17 20:55:29', '2025-03-17 20:55:29'),
	(64, 2, 6, 3, 'Diligence', '4', '2025-03-17 20:55:29', '2025-03-17 20:55:29'),
	(65, 2, 6, 3, 'Self Control', '6', '2025-03-17 20:55:29', '2025-03-17 20:55:29'),
	(66, 2, 6, 3, 'Neatness', '4', '2025-03-17 20:55:29', '2025-03-17 20:55:29'),
	(67, 2, 6, 3, 'Honesty', '6', '2025-03-17 20:55:29', '2025-03-17 20:55:29'),
	(68, 2, 6, 3, 'Reliability', '5', '2025-03-17 20:55:29', '2025-03-17 20:55:29'),
	(69, 2, 6, 3, 'Attendance', '5', '2025-03-17 20:55:29', '2025-03-17 20:55:29'),
	(70, 2, 6, 3, 'Initiative', '5', '2025-03-17 20:55:29', '2025-03-17 20:55:29'),
	(71, 2, 6, 3, 'Organization Ability', '4', '2025-03-17 20:55:29', '2025-03-17 20:55:29'),
	(72, 2, 6, 3, 'Attentiveness', '4', '2025-03-17 20:55:29', '2025-03-17 20:55:29'),
	(73, 2, 6, 3, 'Co-operativeness', '4', '2025-03-17 20:55:29', '2025-03-17 20:55:29'),
	(74, 2, 6, 3, 'Curiosity', '6', '2025-03-17 20:55:29', '2025-03-17 20:55:29'),
	(75, 2, 6, 3, 'Creativity', '5', '2025-03-17 20:55:29', '2025-03-17 20:55:29'),
	(76, 1, 6, 2, 'Punctuality', '3', '2025-03-18 11:04:56', '2025-03-18 11:04:56'),
	(77, 1, 6, 2, 'Perseverance', '4', '2025-03-18 11:04:56', '2025-03-18 11:04:56'),
	(78, 1, 6, 2, 'Responsibility', '5', '2025-03-18 11:04:56', '2025-03-18 11:04:56'),
	(79, 1, 6, 2, 'Diligence', '3', '2025-03-18 11:04:56', '2025-03-18 11:04:56'),
	(80, 1, 6, 2, 'Self Control', '2', '2025-03-18 11:04:56', '2025-03-18 11:04:56'),
	(81, 1, 6, 2, 'Neatness', '3', '2025-03-18 11:04:56', '2025-03-18 11:04:56'),
	(82, 1, 6, 2, 'Honesty', '5', '2025-03-18 11:04:56', '2025-03-18 11:04:56'),
	(83, 1, 6, 2, 'Reliability', '4', '2025-03-18 11:04:56', '2025-03-18 11:04:56'),
	(84, 1, 6, 2, 'Attendance', '3', '2025-03-18 11:04:56', '2025-03-18 11:04:56'),
	(85, 1, 6, 2, 'Initiative', '5', '2025-03-18 11:04:56', '2025-03-18 11:04:56'),
	(86, 1, 6, 2, 'Organization Ability', '3', '2025-03-18 11:04:56', '2025-03-18 11:04:56'),
	(87, 1, 6, 2, 'Attentiveness', '4', '2025-03-18 11:04:56', '2025-03-18 11:04:56'),
	(88, 1, 6, 2, 'Co-operativeness', '5', '2025-03-18 11:04:56', '2025-03-18 11:04:56'),
	(89, 1, 6, 2, 'Curiosity', '3', '2025-03-18 11:04:56', '2025-03-18 11:04:56'),
	(90, 1, 6, 2, 'Creativity', '2', '2025-03-18 11:04:56', '2025-03-18 11:04:56'),
	(91, 3, 6, 1, 'Punctuality', '5', '2025-05-14 11:39:12', '2025-05-14 11:39:12'),
	(92, 3, 6, 1, 'Perseverance', '8', '2025-05-14 11:39:12', '2025-05-14 11:39:12'),
	(93, 3, 6, 1, 'Responsibility', '4', '2025-05-14 11:39:12', '2025-05-14 11:39:12'),
	(94, 3, 6, 1, 'Diligence', '6', '2025-05-14 11:39:12', '2025-05-14 11:39:12'),
	(95, 3, 6, 1, 'Self Control', '8', '2025-05-14 11:39:12', '2025-05-14 11:39:12'),
	(96, 3, 6, 1, 'Neatness', '8', '2025-05-14 11:39:12', '2025-05-14 11:39:12'),
	(97, 3, 6, 1, 'Honesty', '7', '2025-05-14 11:39:12', '2025-05-14 11:39:12'),
	(98, 3, 6, 1, 'Reliability', '5', '2025-05-14 11:39:12', '2025-05-14 11:39:12'),
	(99, 3, 6, 1, 'Attendance', '6', '2025-05-14 11:39:12', '2025-05-14 11:39:12'),
	(100, 3, 6, 1, 'Initiative', '5', '2025-05-14 11:39:12', '2025-05-14 11:39:12'),
	(101, 3, 6, 1, 'Organization Ability', '4', '2025-05-14 11:39:12', '2025-05-14 11:39:12'),
	(102, 3, 6, 1, 'Attentiveness', '6', '2025-05-14 11:39:12', '2025-05-14 11:39:12'),
	(103, 3, 6, 1, 'Co-operativeness', '7', '2025-05-14 11:39:12', '2025-05-14 11:39:12'),
	(104, 3, 6, 1, 'Curiosity', '0', '2025-05-14 11:39:12', '2025-05-14 11:39:12'),
	(105, 3, 6, 1, 'Creativity', '5', '2025-05-14 11:39:12', '2025-05-14 11:39:12');

-- Dumping structure for table result_grading.attendances
CREATE TABLE IF NOT EXISTS `attendances` (
  `id` bigint unsigned NOT NULL AUTO_INCREMENT,
  `student_id` bigint unsigned NOT NULL,
  `schoolsession_id` bigint unsigned NOT NULL,
  `semester_id` bigint unsigned NOT NULL,
  `type` varchar(255) CHARACTER SET utf8mb4 COLLATE utf8mb4_unicode_ci NOT NULL,
  `marks` varchar(255) CHARACTER SET utf8mb4 COLLATE utf8mb4_unicode_ci NOT NULL,
  `created_at` timestamp NULL DEFAULT NULL,
  `updated_at` timestamp NULL DEFAULT NULL,
  PRIMARY KEY (`id`) USING BTREE,
  KEY `attendances_student_id_foreign` (`student_id`) USING BTREE,
  CONSTRAINT `attendances_student_id_foreign` FOREIGN KEY (`student_id`) REFERENCES `students` (`id`) ON DELETE CASCADE
) ENGINE=InnoDB AUTO_INCREMENT=31 DEFAULT CHARSET=utf8mb4 COLLATE=utf8mb4_unicode_ci;

-- Dumping data for table result_grading.attendances: ~15 rows (approximately)
INSERT INTO `attendances` (`id`, `student_id`, `schoolsession_id`, `semester_id`, `type`, `marks`, `created_at`, `updated_at`) VALUES
	(16, 1, 6, 1, 'Present', '22', '2025-05-24 12:15:44', '2025-05-24 12:15:44'),
	(17, 2, 6, 1, 'Present', '33', '2025-05-24 12:15:44', '2025-05-24 12:15:44'),
	(18, 3, 6, 1, 'Present', '22', '2025-05-24 12:15:44', '2025-05-24 12:15:44'),
	(19, 4, 6, 1, 'Present', '55', '2025-05-26 05:14:53', '2025-05-26 05:14:53'),
	(20, 5, 6, 1, 'Present', '44', '2025-05-26 05:14:53', '2025-05-26 05:14:53'),
	(21, 4, 6, 2, 'Present', '33', '2025-05-26 05:15:03', '2025-05-26 05:15:03'),
	(22, 5, 6, 2, 'Present', '66', '2025-05-26 05:15:03', '2025-05-26 05:15:03'),
	(23, 4, 6, 3, 'Present', '32', '2025-05-26 05:15:11', '2025-05-26 05:15:11'),
	(24, 5, 6, 3, 'Present', '66', '2025-05-26 05:15:11', '2025-05-26 05:15:11'),
	(25, 1, 6, 2, 'Present', '60', '2025-05-26 06:06:15', '2025-05-26 06:06:15'),
	(26, 2, 6, 2, 'Present', '50', '2025-05-26 06:06:15', '2025-05-26 06:06:15'),
	(27, 3, 6, 2, 'Present', '60', '2025-05-26 06:06:15', '2025-05-26 06:06:15'),
	(28, 1, 6, 3, 'Present', '90', '2025-05-26 06:06:42', '2025-05-26 06:06:42'),
	(29, 2, 6, 3, 'Present', '80', '2025-05-26 06:06:43', '2025-05-26 06:06:43'),
	(30, 3, 6, 3, 'Present', '70', '2025-05-26 06:06:43', '2025-05-26 06:06:43');

-- Dumping structure for table result_grading.cache
CREATE TABLE IF NOT EXISTS `cache` (
  `key` varchar(255) COLLATE utf8mb4_unicode_ci NOT NULL,
  `value` mediumtext COLLATE utf8mb4_unicode_ci NOT NULL,
  `expiration` int NOT NULL,
  PRIMARY KEY (`key`)
) ENGINE=InnoDB DEFAULT CHARSET=utf8mb4 COLLATE=utf8mb4_unicode_ci;

-- Dumping data for table result_grading.cache: ~0 rows (approximately)

-- Dumping structure for table result_grading.cache_locks
CREATE TABLE IF NOT EXISTS `cache_locks` (
  `key` varchar(255) COLLATE utf8mb4_unicode_ci NOT NULL,
  `owner` varchar(255) COLLATE utf8mb4_unicode_ci NOT NULL,
  `expiration` int NOT NULL,
  PRIMARY KEY (`key`)
) ENGINE=InnoDB DEFAULT CHARSET=utf8mb4 COLLATE=utf8mb4_unicode_ci;

-- Dumping data for table result_grading.cache_locks: ~0 rows (approximately)

-- Dumping structure for table result_grading.failed_jobs
CREATE TABLE IF NOT EXISTS `failed_jobs` (
  `id` bigint unsigned NOT NULL AUTO_INCREMENT,
  `uuid` varchar(255) COLLATE utf8mb4_unicode_ci NOT NULL,
  `connection` text COLLATE utf8mb4_unicode_ci NOT NULL,
  `queue` text COLLATE utf8mb4_unicode_ci NOT NULL,
  `payload` longtext COLLATE utf8mb4_unicode_ci NOT NULL,
  `exception` longtext COLLATE utf8mb4_unicode_ci NOT NULL,
  `failed_at` timestamp NOT NULL DEFAULT CURRENT_TIMESTAMP,
  PRIMARY KEY (`id`),
  UNIQUE KEY `failed_jobs_uuid_unique` (`uuid`)
) ENGINE=InnoDB DEFAULT CHARSET=utf8mb4 COLLATE=utf8mb4_unicode_ci;

-- Dumping data for table result_grading.failed_jobs: ~0 rows (approximately)

-- Dumping structure for table result_grading.jobs
CREATE TABLE IF NOT EXISTS `jobs` (
  `id` bigint unsigned NOT NULL AUTO_INCREMENT,
  `queue` varchar(255) COLLATE utf8mb4_unicode_ci NOT NULL,
  `payload` longtext COLLATE utf8mb4_unicode_ci NOT NULL,
  `attempts` tinyint unsigned NOT NULL,
  `reserved_at` int unsigned DEFAULT NULL,
  `available_at` int unsigned NOT NULL,
  `created_at` int unsigned NOT NULL,
  PRIMARY KEY (`id`),
  KEY `jobs_queue_index` (`queue`)
) ENGINE=InnoDB DEFAULT CHARSET=utf8mb4 COLLATE=utf8mb4_unicode_ci;

-- Dumping data for table result_grading.jobs: ~0 rows (approximately)

-- Dumping structure for table result_grading.job_batches
CREATE TABLE IF NOT EXISTS `job_batches` (
  `id` varchar(255) COLLATE utf8mb4_unicode_ci NOT NULL,
  `name` varchar(255) COLLATE utf8mb4_unicode_ci NOT NULL,
  `total_jobs` int NOT NULL,
  `pending_jobs` int NOT NULL,
  `failed_jobs` int NOT NULL,
  `failed_job_ids` longtext COLLATE utf8mb4_unicode_ci NOT NULL,
  `options` mediumtext COLLATE utf8mb4_unicode_ci,
  `cancelled_at` int DEFAULT NULL,
  `created_at` int NOT NULL,
  `finished_at` int DEFAULT NULL,
  PRIMARY KEY (`id`)
) ENGINE=InnoDB DEFAULT CHARSET=utf8mb4 COLLATE=utf8mb4_unicode_ci;

-- Dumping data for table result_grading.job_batches: ~0 rows (approximately)

-- Dumping structure for table result_grading.migrations
CREATE TABLE IF NOT EXISTS `migrations` (
  `id` int unsigned NOT NULL AUTO_INCREMENT,
  `migration` varchar(255) COLLATE utf8mb4_unicode_ci NOT NULL,
  `batch` int NOT NULL,
  PRIMARY KEY (`id`)
) ENGINE=InnoDB AUTO_INCREMENT=12 DEFAULT CHARSET=utf8mb4 COLLATE=utf8mb4_unicode_ci;

-- Dumping data for table result_grading.migrations: ~11 rows (approximately)
INSERT INTO `migrations` (`id`, `migration`, `batch`) VALUES
	(1, '0001_01_01_000000_create_users_table', 1),
	(2, '0001_01_01_000001_create_cache_table', 1),
	(3, '0001_01_01_000002_create_jobs_table', 1),
	(4, '2024_11_10_201319_create_admins_table', 1),
	(5, '2024_11_12_142237_create_students_table', 1),
	(6, '2024_11_15_121246_create_subjects_table', 1),
	(7, '2024_11_15_121338_create_grades_table', 1),
	(8, '2025_02_11_225357_create_semesters_table', 1),
	(9, '2025_02_11_225445_create_student_classes_table', 1),
	(10, '2025_02_18_195342_create_school_sessions_table', 1),
	(11, '0001_01_01_000000_create_results_table', 2);

-- Dumping structure for table result_grading.password_reset_tokens
CREATE TABLE IF NOT EXISTS `password_reset_tokens` (
  `email` varchar(255) COLLATE utf8mb4_unicode_ci NOT NULL,
  `token` varchar(255) COLLATE utf8mb4_unicode_ci NOT NULL,
  `created_at` timestamp NULL DEFAULT NULL,
  PRIMARY KEY (`email`)
) ENGINE=InnoDB DEFAULT CHARSET=utf8mb4 COLLATE=utf8mb4_unicode_ci;

-- Dumping data for table result_grading.password_reset_tokens: ~0 rows (approximately)

-- Dumping structure for table result_grading.pyschomotors
CREATE TABLE IF NOT EXISTS `pyschomotors` (
  `id` bigint unsigned NOT NULL AUTO_INCREMENT,
  `student_id` bigint unsigned NOT NULL,
  `schoolsession_id` bigint unsigned NOT NULL,
  `semester_id` bigint unsigned NOT NULL,
  `type` varchar(255) COLLATE utf8mb4_unicode_ci NOT NULL,
  `marks` varchar(255) COLLATE utf8mb4_unicode_ci NOT NULL,
  `created_at` timestamp NULL DEFAULT NULL,
  `updated_at` timestamp NULL DEFAULT NULL,
  PRIMARY KEY (`id`),
  KEY `pyschomotors_student_id_foreign` (`student_id`),
  CONSTRAINT `pyschomotors_student_id_foreign` FOREIGN KEY (`student_id`) REFERENCES `students` (`id`) ON DELETE CASCADE
) ENGINE=InnoDB AUTO_INCREMENT=49 DEFAULT CHARSET=utf8mb4 COLLATE=utf8mb4_unicode_ci;

-- Dumping data for table result_grading.pyschomotors: ~48 rows (approximately)
INSERT INTO `pyschomotors` (`id`, `student_id`, `schoolsession_id`, `semester_id`, `type`, `marks`, `created_at`, `updated_at`) VALUES
	(1, 1, 6, 1, 'Legibility', '2', '2025-03-18 11:45:47', '2025-03-18 11:45:47'),
	(2, 1, 6, 1, 'Dexterity', '3', '2025-03-18 11:45:47', '2025-03-18 11:45:47'),
	(3, 1, 6, 1, 'Handing of Tools', '4', '2025-03-18 11:45:47', '2025-03-18 11:45:47'),
	(4, 1, 6, 1, 'Accuracy', '4', '2025-03-18 11:45:47', '2025-03-18 11:45:47'),
	(5, 1, 6, 1, 'Sports and Games', '3', '2025-03-18 11:45:47', '2025-03-18 11:45:47'),
	(6, 1, 6, 1, 'Physical Activity', '4', '2025-03-18 11:45:47', '2025-03-18 11:45:47'),
	(7, 1, 6, 1, 'Musical Skills', '3', '2025-03-18 11:45:47', '2025-03-18 11:45:47'),
	(8, 1, 6, 1, 'Drawing / Painiting', '3', '2025-03-18 11:45:47', '2025-03-18 11:45:47'),
	(9, 2, 6, 1, 'Legibility', '3', '2025-03-18 11:45:47', '2025-03-18 11:45:47'),
	(10, 2, 6, 1, 'Dexterity', '4', '2025-03-18 11:45:47', '2025-03-18 11:45:47'),
	(11, 2, 6, 1, 'Handing of Tools', '4', '2025-03-18 11:45:47', '2025-03-18 11:45:47'),
	(12, 2, 6, 1, 'Accuracy', '3', '2025-03-18 11:45:47', '2025-03-18 11:45:47'),
	(13, 2, 6, 1, 'Sports and Games', '4', '2025-03-18 11:45:47', '2025-03-18 11:45:47'),
	(14, 2, 6, 1, 'Physical Activity', '5', '2025-03-18 11:45:47', '2025-03-18 11:45:47'),
	(15, 2, 6, 1, 'Musical Skills', '6', '2025-03-18 11:45:47', '2025-03-18 11:45:47'),
	(16, 2, 6, 1, 'Drawing / Painiting', '6', '2025-03-18 11:45:47', '2025-03-18 11:45:47'),
	(17, 1, 6, 2, 'Legibility', '3', '2025-03-18 11:46:32', '2025-03-18 11:46:32'),
	(18, 1, 6, 2, 'Dexterity', '5', '2025-03-18 11:46:32', '2025-03-18 11:46:32'),
	(19, 1, 6, 2, 'Handing of Tools', '2', '2025-03-18 11:46:32', '2025-03-18 11:46:32'),
	(20, 1, 6, 2, 'Accuracy', '4', '2025-03-18 11:46:32', '2025-03-18 11:46:32'),
	(21, 1, 6, 2, 'Sports and Games', '2', '2025-03-18 11:46:32', '2025-03-18 11:46:32'),
	(22, 1, 6, 2, 'Physical Activity', '3', '2025-03-18 11:46:32', '2025-03-18 11:46:32'),
	(23, 1, 6, 2, 'Musical Skills', '5', '2025-03-18 11:46:32', '2025-03-18 11:46:32'),
	(24, 1, 6, 2, 'Drawing / Painiting', '4', '2025-03-18 11:46:32', '2025-03-18 11:46:32'),
	(25, 2, 6, 2, 'Legibility', '5', '2025-03-18 11:46:32', '2025-03-18 11:46:32'),
	(26, 2, 6, 2, 'Dexterity', '3', '2025-03-18 11:46:32', '2025-03-18 11:46:32'),
	(27, 2, 6, 2, 'Handing of Tools', '5', '2025-03-18 11:46:32', '2025-03-18 11:46:32'),
	(28, 2, 6, 2, 'Accuracy', '3', '2025-03-18 11:46:32', '2025-03-18 11:46:32'),
	(29, 2, 6, 2, 'Sports and Games', '6', '2025-03-18 11:46:32', '2025-03-18 11:46:32'),
	(30, 2, 6, 2, 'Physical Activity', '4', '2025-03-18 11:46:32', '2025-03-18 11:46:32'),
	(31, 2, 6, 2, 'Musical Skills', '6', '2025-03-18 11:46:32', '2025-03-18 11:46:32'),
	(32, 2, 6, 2, 'Drawing / Painiting', '4', '2025-03-18 11:46:32', '2025-03-18 11:46:32'),
	(33, 1, 6, 3, 'Legibility', '5', '2025-03-18 11:47:04', '2025-03-18 11:47:04'),
	(34, 1, 6, 3, 'Dexterity', '4', '2025-03-18 11:47:04', '2025-03-18 11:47:04'),
	(35, 1, 6, 3, 'Handing of Tools', '6', '2025-03-18 11:47:04', '2025-03-18 11:47:04'),
	(36, 1, 6, 3, 'Accuracy', '4', '2025-03-18 11:47:04', '2025-03-18 11:47:04'),
	(37, 1, 6, 3, 'Sports and Games', '6', '2025-03-18 11:47:04', '2025-03-18 11:47:04'),
	(38, 1, 6, 3, 'Physical Activity', '4', '2025-03-18 11:47:04', '2025-03-18 11:47:04'),
	(39, 1, 6, 3, 'Musical Skills', '6', '2025-03-18 11:47:04', '2025-03-18 11:47:04'),
	(40, 1, 6, 3, 'Drawing / Painiting', '7', '2025-03-18 11:47:04', '2025-03-18 11:47:04'),
	(41, 2, 6, 3, 'Legibility', '3', '2025-03-18 11:47:04', '2025-03-18 11:47:04'),
	(42, 2, 6, 3, 'Dexterity', '6', '2025-03-18 11:47:04', '2025-03-18 11:47:04'),
	(43, 2, 6, 3, 'Handing of Tools', '4', '2025-03-18 11:47:04', '2025-03-18 11:47:04'),
	(44, 2, 6, 3, 'Accuracy', '7', '2025-03-18 11:47:04', '2025-03-18 11:47:04'),
	(45, 2, 6, 3, 'Sports and Games', '5', '2025-03-18 11:47:04', '2025-03-18 11:47:04'),
	(46, 2, 6, 3, 'Physical Activity', '6', '2025-03-18 11:47:04', '2025-03-18 11:47:04'),
	(47, 2, 6, 3, 'Musical Skills', '5', '2025-03-18 11:47:04', '2025-03-18 11:47:04'),
	(48, 2, 6, 3, 'Drawing / Painiting', '5', '2025-03-18 11:47:04', '2025-03-18 11:47:04');

-- Dumping structure for table result_grading.results
CREATE TABLE IF NOT EXISTS `results` (
  `id` bigint unsigned NOT NULL AUTO_INCREMENT,
  `student_id` bigint unsigned NOT NULL,
  `subject_id` bigint unsigned NOT NULL,
  `schoolsession_id` bigint unsigned NOT NULL,
  `semester_id` bigint unsigned NOT NULL,
  `type` varchar(255) COLLATE utf8mb4_unicode_ci NOT NULL,
  `marks` varchar(255) COLLATE utf8mb4_unicode_ci NOT NULL,
  `created_at` timestamp NULL DEFAULT NULL,
  `updated_at` timestamp NULL DEFAULT NULL,
  PRIMARY KEY (`id`),
  KEY `results_student_id_foreign` (`student_id`),
  KEY `results_subject_id_foreign` (`subject_id`),
  CONSTRAINT `results_student_id_foreign` FOREIGN KEY (`student_id`) REFERENCES `students` (`id`) ON DELETE CASCADE,
  CONSTRAINT `results_subject_id_foreign` FOREIGN KEY (`subject_id`) REFERENCES `subjects` (`id`) ON DELETE CASCADE
) ENGINE=InnoDB AUTO_INCREMENT=189 DEFAULT CHARSET=utf8mb4 COLLATE=utf8mb4_unicode_ci;

-- Dumping data for table result_grading.results: ~188 rows (approximately)
INSERT INTO `results` (`id`, `student_id`, `subject_id`, `schoolsession_id`, `semester_id`, `type`, `marks`, `created_at`, `updated_at`) VALUES
	(1, 1, 1, 6, 2, 'CA', '33', '2025-05-20 11:27:14', '2025-05-20 11:27:14'),
	(2, 1, 1, 6, 2, 'Exam', '44', '2025-05-20 11:27:18', '2025-05-20 11:27:18'),
	(3, 1, 2, 6, 2, 'CA', '43', '2025-05-20 11:27:30', '2025-05-20 11:27:30'),
	(4, 1, 2, 6, 2, 'Exam', '44', '2025-05-20 11:27:30', '2025-05-20 11:27:30'),
	(5, 1, 3, 6, 2, 'CA', '33', '2025-05-20 11:27:30', '2025-05-20 11:27:30'),
	(6, 1, 3, 6, 2, 'Exam', '44', '2025-05-20 11:27:30', '2025-05-20 11:27:30'),
	(7, 1, 4, 6, 2, 'CA', '33', '2025-05-20 11:27:30', '2025-05-20 11:27:30'),
	(8, 1, 4, 6, 2, 'Exam', '44', '2025-05-20 11:27:30', '2025-05-20 11:27:30'),
	(9, 1, 5, 6, 2, 'CA', '33', '2025-05-20 11:27:30', '2025-05-20 11:27:30'),
	(10, 1, 5, 6, 2, 'Exam', '44', '2025-05-20 11:27:30', '2025-05-20 11:27:30'),
	(11, 1, 7, 6, 2, 'CA', '33', '2025-05-20 11:27:30', '2025-05-20 11:27:30'),
	(12, 1, 7, 6, 2, 'Exam', '44', '2025-05-20 11:27:30', '2025-05-20 11:27:30'),
	(13, 2, 1, 6, 2, 'CA', '33', '2025-05-20 11:29:25', '2025-05-20 11:29:25'),
	(14, 2, 1, 6, 2, 'Exam', '45', '2025-05-20 11:29:25', '2025-05-20 11:29:25'),
	(15, 2, 2, 6, 2, 'CA', '33', '2025-05-20 11:29:25', '2025-05-20 11:29:25'),
	(16, 2, 2, 6, 2, 'Exam', '60', '2025-05-20 11:29:25', '2025-05-20 11:29:25'),
	(17, 2, 3, 6, 2, 'CA', '33', '2025-05-20 11:29:25', '2025-05-20 11:29:25'),
	(18, 2, 3, 6, 2, 'Exam', '33', '2025-05-20 11:29:25', '2025-05-20 11:29:25'),
	(19, 2, 4, 6, 2, 'CA', '33', '2025-05-20 11:29:25', '2025-05-20 11:29:25'),
	(20, 2, 4, 6, 2, 'Exam', '44', '2025-05-20 11:29:25', '2025-05-20 11:29:25'),
	(21, 2, 5, 6, 2, 'CA', '33', '2025-05-20 11:29:25', '2025-05-20 11:29:25'),
	(22, 2, 5, 6, 2, 'Exam', '22', '2025-05-20 11:29:25', '2025-05-20 11:29:25'),
	(23, 2, 7, 6, 2, 'CA', '22', '2025-05-20 11:29:25', '2025-05-20 11:29:25'),
	(24, 2, 7, 6, 2, 'Exam', '44', '2025-05-20 11:29:25', '2025-05-20 11:29:25'),
	(25, 3, 1, 6, 2, 'CA', '22', '2025-05-20 11:29:25', '2025-05-20 11:29:25'),
	(26, 3, 1, 6, 2, 'Exam', '35', '2025-05-20 11:29:25', '2025-05-20 11:29:25'),
	(27, 3, 2, 6, 2, 'CA', '44', '2025-05-20 11:29:25', '2025-05-20 11:29:25'),
	(28, 3, 2, 6, 2, 'Exam', '54', '2025-05-20 11:29:25', '2025-05-20 11:29:25'),
	(29, 3, 3, 6, 2, 'CA', '33', '2025-05-20 11:29:25', '2025-05-20 11:29:25'),
	(30, 3, 3, 6, 2, 'Exam', '53', '2025-05-20 11:29:25', '2025-05-20 11:29:25'),
	(31, 3, 4, 6, 2, 'CA', '44', '2025-05-20 11:29:25', '2025-05-20 11:29:25'),
	(32, 3, 4, 6, 2, 'Exam', '44', '2025-05-20 11:29:25', '2025-05-20 11:29:25'),
	(33, 3, 5, 6, 2, 'CA', '33', '2025-05-20 11:29:25', '2025-05-20 11:29:25'),
	(34, 3, 5, 6, 2, 'Exam', '33', '2025-05-20 11:29:25', '2025-05-20 11:29:25'),
	(35, 3, 7, 6, 2, 'CA', '44', '2025-05-20 11:29:25', '2025-05-20 11:29:25'),
	(36, 3, 7, 6, 2, 'Exam', '44', '2025-05-20 11:29:25', '2025-05-20 11:29:25'),
	(37, 1, 1, 6, 1, 'CA', '30', '2025-05-20 11:35:14', '2025-05-20 11:35:14'),
	(38, 1, 1, 6, 1, 'Exam', '50', '2025-05-20 11:35:14', '2025-05-20 11:35:14'),
	(39, 1, 2, 6, 1, 'CA', '30', '2025-05-20 11:35:14', '2025-05-20 11:35:14'),
	(40, 1, 2, 6, 1, 'Exam', '45', '2025-05-20 11:35:14', '2025-05-20 11:35:14'),
	(41, 1, 3, 6, 1, 'CA', '32', '2025-05-20 11:35:14', '2025-05-20 11:35:14'),
	(42, 1, 3, 6, 1, 'Exam', '45', '2025-05-20 11:35:14', '2025-05-20 11:35:14'),
	(43, 1, 4, 6, 1, 'CA', '40', '2025-05-20 11:35:14', '2025-05-20 11:35:14'),
	(44, 1, 4, 6, 1, 'Exam', '46', '2025-05-20 11:35:14', '2025-05-20 11:35:14'),
	(45, 1, 5, 6, 1, 'CA', '11', '2025-05-20 11:35:14', '2025-05-20 11:35:14'),
	(46, 1, 5, 6, 1, 'Exam', '45', '2025-05-20 11:35:14', '2025-05-20 11:35:14'),
	(47, 1, 7, 6, 1, 'CA', '33', '2025-05-20 11:35:14', '2025-05-20 11:35:14'),
	(48, 1, 7, 6, 1, 'Exam', '34', '2025-05-20 11:35:14', '2025-05-20 11:35:14'),
	(49, 2, 1, 6, 1, 'CA', '34', '2025-05-20 11:35:56', '2025-05-20 11:35:56'),
	(50, 2, 1, 6, 1, 'Exam', '50', '2025-05-20 11:35:56', '2025-05-20 11:35:56'),
	(51, 2, 2, 6, 1, 'CA', '40', '2025-05-20 11:35:56', '2025-05-20 11:35:56'),
	(52, 2, 2, 6, 1, 'Exam', '46', '2025-05-20 11:35:56', '2025-05-20 11:35:56'),
	(53, 2, 3, 6, 1, 'CA', '34', '2025-05-20 11:35:56', '2025-05-20 11:35:56'),
	(54, 2, 3, 6, 1, 'Exam', '55', '2025-05-20 11:35:56', '2025-05-20 11:35:56'),
	(55, 2, 4, 6, 1, 'CA', '32', '2025-05-20 11:35:56', '2025-05-20 11:35:56'),
	(56, 2, 4, 6, 1, 'Exam', '45', '2025-05-20 11:35:56', '2025-05-20 11:35:56'),
	(57, 2, 5, 6, 1, 'CA', '32', '2025-05-20 11:35:56', '2025-05-20 11:35:56'),
	(58, 2, 5, 6, 1, 'Exam', '60', '2025-05-20 11:35:56', '2025-05-20 11:35:56'),
	(59, 2, 7, 6, 1, 'CA', '22', '2025-05-20 11:35:56', '2025-05-20 11:35:56'),
	(60, 2, 7, 6, 1, 'Exam', '34', '2025-05-20 11:35:56', '2025-05-20 11:35:56'),
	(61, 3, 1, 6, 1, 'CA', '13', '2025-05-20 11:36:39', '2025-05-24 12:38:28'),
	(62, 3, 1, 6, 1, 'Exam', '15', '2025-05-20 11:36:39', '2025-05-24 12:38:28'),
	(63, 3, 2, 6, 1, 'CA', '03', '2025-05-20 11:36:39', '2025-05-24 12:38:28'),
	(64, 3, 2, 6, 1, 'Exam', '0', '2025-05-20 11:36:39', '2025-05-24 12:38:28'),
	(65, 3, 3, 6, 1, 'CA', '0', '2025-05-20 11:36:39', '2025-05-24 12:38:28'),
	(66, 3, 3, 6, 1, 'Exam', '33', '2025-05-20 11:36:39', '2025-05-20 11:36:39'),
	(67, 3, 4, 6, 1, 'CA', '3', '2025-05-20 11:36:39', '2025-05-24 12:38:28'),
	(68, 3, 4, 6, 1, 'Exam', '44', '2025-05-20 11:36:39', '2025-05-20 11:36:39'),
	(69, 3, 5, 6, 1, 'CA', '40', '2025-05-20 11:36:39', '2025-05-20 11:36:39'),
	(70, 3, 5, 6, 1, 'Exam', '5', '2025-05-20 11:36:39', '2025-05-24 12:38:28'),
	(71, 3, 7, 6, 1, 'CA', '23', '2025-05-20 11:36:39', '2025-05-20 11:36:39'),
	(72, 3, 7, 6, 1, 'Exam', '5', '2025-05-20 11:36:39', '2025-05-24 12:38:28'),
	(73, 1, 1, 6, 3, 'CA', '33', '2025-05-20 11:42:53', '2025-05-20 11:42:53'),
	(74, 1, 1, 6, 3, 'Exam', '55', '2025-05-20 11:42:53', '2025-05-20 11:42:53'),
	(75, 1, 2, 6, 3, 'CA', '4', '2025-05-20 11:42:53', '2025-05-20 11:42:53'),
	(76, 1, 2, 6, 3, 'Exam', '33', '2025-05-20 11:42:53', '2025-05-20 11:42:53'),
	(77, 1, 3, 6, 3, 'CA', '33', '2025-05-20 11:42:53', '2025-05-20 11:42:53'),
	(78, 1, 3, 6, 3, 'Exam', '44', '2025-05-20 11:42:53', '2025-05-20 11:42:53'),
	(79, 1, 4, 6, 3, 'CA', '23', '2025-05-20 11:42:53', '2025-05-20 11:42:53'),
	(80, 1, 4, 6, 3, 'Exam', '55', '2025-05-20 11:42:53', '2025-05-20 11:42:53'),
	(81, 1, 5, 6, 3, 'CA', '23', '2025-05-20 11:42:53', '2025-05-20 11:42:53'),
	(82, 1, 5, 6, 3, 'Exam', '33', '2025-05-20 11:42:53', '2025-05-20 11:42:53'),
	(83, 1, 7, 6, 3, 'CA', '40', '2025-05-20 11:42:53', '2025-05-20 11:42:53'),
	(84, 1, 7, 6, 3, 'Exam', '44', '2025-05-20 11:42:53', '2025-05-20 11:42:53'),
	(85, 2, 1, 6, 3, 'CA', '23', '2025-05-20 11:42:53', '2025-05-20 11:42:53'),
	(86, 2, 1, 6, 3, 'Exam', '50', '2025-05-20 11:42:53', '2025-05-20 11:42:53'),
	(87, 2, 2, 6, 3, 'CA', '40', '2025-05-20 11:42:53', '2025-05-20 11:42:53'),
	(88, 2, 2, 6, 3, 'Exam', '33', '2025-05-20 11:42:53', '2025-05-20 11:42:53'),
	(89, 2, 3, 6, 3, 'CA', '22', '2025-05-20 11:42:53', '2025-05-20 11:42:53'),
	(90, 2, 3, 6, 3, 'Exam', '33', '2025-05-20 11:42:53', '2025-05-20 11:42:53'),
	(91, 2, 4, 6, 3, 'CA', '33', '2025-05-20 11:42:53', '2025-05-20 11:42:53'),
	(92, 2, 4, 6, 3, 'Exam', '44', '2025-05-20 11:42:53', '2025-05-20 11:42:53'),
	(93, 2, 5, 6, 3, 'CA', '32', '2025-05-20 11:42:53', '2025-05-20 11:42:53'),
	(94, 2, 5, 6, 3, 'Exam', '55', '2025-05-20 11:42:53', '2025-05-20 11:42:53'),
	(95, 2, 7, 6, 3, 'CA', '23', '2025-05-20 11:42:53', '2025-05-20 11:42:53'),
	(96, 2, 7, 6, 3, 'Exam', '57', '2025-05-20 11:42:53', '2025-05-20 11:42:53'),
	(97, 3, 1, 6, 3, 'CA', '34', '2025-05-20 11:42:53', '2025-05-20 11:42:53'),
	(98, 3, 1, 6, 3, 'Exam', '44', '2025-05-20 11:42:53', '2025-05-20 11:42:53'),
	(99, 3, 2, 6, 3, 'CA', '34', '2025-05-20 11:42:53', '2025-05-20 11:42:53'),
	(100, 3, 2, 6, 3, 'Exam', '44', '2025-05-20 11:42:53', '2025-05-20 11:42:53'),
	(101, 3, 3, 6, 3, 'CA', '37', '2025-05-20 11:42:53', '2025-05-20 11:42:53'),
	(102, 3, 3, 6, 3, 'Exam', '55', '2025-05-20 11:42:53', '2025-05-20 11:42:53'),
	(103, 3, 4, 6, 3, 'CA', '39', '2025-05-20 11:42:53', '2025-05-20 11:42:53'),
	(104, 3, 4, 6, 3, 'Exam', '33', '2025-05-20 11:42:53', '2025-05-20 11:42:53'),
	(105, 3, 5, 6, 3, 'CA', '39', '2025-05-20 11:42:53', '2025-05-20 11:42:53'),
	(106, 3, 5, 6, 3, 'Exam', '44', '2025-05-20 11:42:53', '2025-05-20 11:42:53'),
	(107, 3, 7, 6, 3, 'CA', '23', '2025-05-20 11:42:53', '2025-05-20 11:42:53'),
	(108, 3, 7, 6, 3, 'Exam', '55', '2025-05-20 11:42:53', '2025-05-20 11:42:53'),
	(109, 5, 6, 6, 1, 'CA', '23', '2025-05-26 04:56:14', '2025-05-26 04:56:14'),
	(110, 5, 6, 6, 1, 'Exam', '32', '2025-05-26 04:56:14', '2025-05-26 04:56:14'),
	(111, 5, 20, 6, 1, 'CA', '12', '2025-05-26 04:56:14', '2025-05-26 04:56:14'),
	(112, 5, 20, 6, 1, 'Exam', '32', '2025-05-26 04:56:14', '2025-05-26 04:56:14'),
	(113, 4, 6, 6, 1, 'CA', '30', '2025-05-26 04:59:34', '2025-05-26 04:59:34'),
	(114, 4, 6, 6, 1, 'Exam', '50', '2025-05-26 04:59:34', '2025-05-26 04:59:34'),
	(115, 4, 20, 6, 1, 'CA', '20', '2025-05-26 04:59:34', '2025-05-26 04:59:34'),
	(116, 4, 20, 6, 1, 'Exam', '50', '2025-05-26 04:59:34', '2025-05-26 04:59:34'),
	(117, 1, 16, 6, 1, 'CA', '12', '2025-05-26 05:28:00', '2025-05-26 05:28:00'),
	(118, 1, 16, 6, 1, 'Exam', '54', '2025-05-26 05:28:00', '2025-05-26 05:28:00'),
	(119, 1, 17, 6, 1, 'CA', '32', '2025-05-26 05:28:01', '2025-05-26 05:28:01'),
	(120, 1, 17, 6, 1, 'Exam', '44', '2025-05-26 05:28:01', '2025-05-26 05:28:01'),
	(121, 1, 18, 6, 1, 'CA', '22', '2025-05-26 05:28:01', '2025-05-26 05:28:01'),
	(122, 1, 18, 6, 1, 'Exam', '43', '2025-05-26 05:28:01', '2025-05-26 05:28:01'),
	(123, 1, 19, 6, 1, 'CA', '33', '2025-05-26 05:28:01', '2025-05-26 05:28:01'),
	(124, 1, 19, 6, 1, 'Exam', '45', '2025-05-26 05:28:01', '2025-05-26 05:28:01'),
	(125, 2, 16, 6, 1, 'CA', '22', '2025-05-26 05:28:01', '2025-05-26 05:28:01'),
	(126, 2, 16, 6, 1, 'Exam', '42', '2025-05-26 05:28:01', '2025-05-26 05:28:01'),
	(127, 2, 17, 6, 1, 'CA', '22', '2025-05-26 05:28:01', '2025-05-26 05:28:01'),
	(128, 2, 17, 6, 1, 'Exam', '11', '2025-05-26 05:28:01', '2025-05-26 05:28:01'),
	(129, 2, 18, 6, 1, 'CA', '32', '2025-05-26 05:28:01', '2025-05-26 05:28:01'),
	(130, 2, 18, 6, 1, 'Exam', '33', '2025-05-26 05:28:01', '2025-05-26 05:28:01'),
	(131, 2, 19, 6, 1, 'CA', '11', '2025-05-26 05:28:01', '2025-05-26 05:28:01'),
	(132, 2, 19, 6, 1, 'Exam', '44', '2025-05-26 05:28:01', '2025-05-26 05:28:01'),
	(133, 3, 16, 6, 1, 'CA', '12', '2025-05-26 05:28:01', '2025-05-26 05:28:01'),
	(134, 3, 16, 6, 1, 'Exam', '44', '2025-05-26 05:28:01', '2025-05-26 05:28:01'),
	(135, 3, 17, 6, 1, 'CA', '32', '2025-05-26 05:28:01', '2025-05-26 05:28:01'),
	(136, 3, 17, 6, 1, 'Exam', '55', '2025-05-26 05:28:01', '2025-05-26 05:28:01'),
	(137, 3, 18, 6, 1, 'CA', '12', '2025-05-26 05:28:01', '2025-05-26 05:28:01'),
	(138, 3, 18, 6, 1, 'Exam', '43', '2025-05-26 05:28:01', '2025-05-26 05:28:01'),
	(139, 3, 19, 6, 1, 'CA', '33', '2025-05-26 05:28:01', '2025-05-26 05:28:01'),
	(140, 3, 19, 6, 1, 'Exam', '34', '2025-05-26 05:28:01', '2025-05-26 05:28:01'),
	(141, 1, 16, 6, 2, 'CA', '22', '2025-05-26 05:29:21', '2025-05-26 05:29:21'),
	(142, 1, 16, 6, 2, 'Exam', '54', '2025-05-26 05:29:21', '2025-05-26 05:29:21'),
	(143, 1, 17, 6, 2, 'CA', '33', '2025-05-26 05:29:21', '2025-05-26 05:29:21'),
	(144, 1, 17, 6, 2, 'Exam', '34', '2025-05-26 05:29:21', '2025-05-26 05:29:21'),
	(145, 1, 18, 6, 2, 'CA', '33', '2025-05-26 05:29:21', '2025-05-26 05:29:21'),
	(146, 1, 18, 6, 2, 'Exam', '54', '2025-05-26 05:29:21', '2025-05-26 05:29:21'),
	(147, 1, 19, 6, 2, 'CA', '22', '2025-05-26 05:29:21', '2025-05-26 05:29:21'),
	(148, 1, 19, 6, 2, 'Exam', '22', '2025-05-26 05:29:21', '2025-05-26 05:29:21'),
	(149, 2, 16, 6, 2, 'CA', '22', '2025-05-26 05:29:21', '2025-05-26 05:29:21'),
	(150, 2, 16, 6, 2, 'Exam', '45', '2025-05-26 05:29:21', '2025-05-26 05:29:21'),
	(151, 2, 17, 6, 2, 'CA', '11', '2025-05-26 05:29:21', '2025-05-26 05:29:21'),
	(152, 2, 17, 6, 2, 'Exam', '53', '2025-05-26 05:29:21', '2025-05-26 05:29:21'),
	(153, 2, 18, 6, 2, 'CA', '32', '2025-05-26 05:29:21', '2025-05-26 05:29:21'),
	(154, 2, 18, 6, 2, 'Exam', '32', '2025-05-26 05:29:21', '2025-05-26 05:29:21'),
	(155, 2, 19, 6, 2, 'CA', '11', '2025-05-26 05:29:21', '2025-05-26 05:29:21'),
	(156, 2, 19, 6, 2, 'Exam', '44', '2025-05-26 05:29:21', '2025-05-26 05:29:21'),
	(157, 3, 16, 6, 2, 'CA', '23', '2025-05-26 05:29:21', '2025-05-26 05:29:21'),
	(158, 3, 16, 6, 2, 'Exam', '27', '2025-05-26 05:29:21', '2025-05-26 05:29:21'),
	(159, 3, 17, 6, 2, 'CA', '22', '2025-05-26 05:29:21', '2025-05-26 05:29:21'),
	(160, 3, 17, 6, 2, 'Exam', '34', '2025-05-26 05:29:21', '2025-05-26 05:29:21'),
	(161, 3, 18, 6, 2, 'CA', '34', '2025-05-26 05:29:21', '2025-05-26 05:29:21'),
	(162, 3, 18, 6, 2, 'Exam', '60', '2025-05-26 05:29:21', '2025-05-26 05:29:21'),
	(163, 3, 19, 6, 2, 'CA', '03', '2025-05-26 05:29:21', '2025-05-26 05:29:21'),
	(164, 3, 19, 6, 2, 'Exam', '60', '2025-05-26 05:29:21', '2025-05-26 05:29:21'),
	(165, 1, 16, 6, 3, 'CA', '33', '2025-05-26 05:30:27', '2025-05-26 05:30:27'),
	(166, 1, 16, 6, 3, 'Exam', '43', '2025-05-26 05:30:27', '2025-05-26 05:30:27'),
	(167, 1, 17, 6, 3, 'CA', '33', '2025-05-26 05:30:27', '2025-05-26 05:30:27'),
	(168, 1, 17, 6, 3, 'Exam', '53', '2025-05-26 05:30:27', '2025-05-26 05:30:27'),
	(169, 1, 18, 6, 3, 'CA', '23', '2025-05-26 05:30:27', '2025-05-26 05:30:27'),
	(170, 1, 18, 6, 3, 'Exam', '53', '2025-05-26 05:30:27', '2025-05-26 05:30:27'),
	(171, 1, 19, 6, 3, 'CA', '23', '2025-05-26 05:30:27', '2025-05-26 05:30:27'),
	(172, 1, 19, 6, 3, 'Exam', '32', '2025-05-26 05:30:27', '2025-05-26 05:30:27'),
	(173, 2, 16, 6, 3, 'CA', '22', '2025-05-26 05:30:27', '2025-05-26 05:30:27'),
	(174, 2, 16, 6, 3, 'Exam', '42', '2025-05-26 05:30:27', '2025-05-26 05:30:27'),
	(175, 2, 17, 6, 3, 'CA', '13', '2025-05-26 05:30:27', '2025-05-26 05:30:27'),
	(176, 2, 17, 6, 3, 'Exam', '45', '2025-05-26 05:30:27', '2025-05-26 05:30:27'),
	(177, 2, 18, 6, 3, 'CA', '23', '2025-05-26 05:30:27', '2025-05-26 05:30:27'),
	(178, 2, 18, 6, 3, 'Exam', '60', '2025-05-26 05:30:27', '2025-05-26 05:30:27'),
	(179, 2, 19, 6, 3, 'CA', '13', '2025-05-26 05:30:27', '2025-05-26 05:30:27'),
	(180, 2, 19, 6, 3, 'Exam', '54', '2025-05-26 05:30:27', '2025-05-26 05:30:27'),
	(181, 3, 16, 6, 3, 'CA', '34', '2025-05-26 05:30:27', '2025-05-26 05:30:27'),
	(182, 3, 16, 6, 3, 'Exam', '33', '2025-05-26 05:30:27', '2025-05-26 05:30:27'),
	(183, 3, 17, 6, 3, 'CA', '32', '2025-05-26 05:30:27', '2025-05-26 05:30:27'),
	(184, 3, 17, 6, 3, 'Exam', '44', '2025-05-26 05:30:27', '2025-05-26 05:30:27'),
	(185, 3, 18, 6, 3, 'CA', '32', '2025-05-26 05:30:27', '2025-05-26 05:30:27'),
	(186, 3, 18, 6, 3, 'Exam', '55', '2025-05-26 05:30:27', '2025-05-26 05:30:27'),
	(187, 3, 19, 6, 3, 'CA', '12', '2025-05-26 05:30:27', '2025-05-26 05:30:27'),
	(188, 3, 19, 6, 3, 'Exam', '55', '2025-05-26 05:30:27', '2025-05-26 05:30:27');

-- Dumping structure for table result_grading.resumptions
CREATE TABLE IF NOT EXISTS `resumptions` (
  `id` bigint unsigned NOT NULL AUTO_INCREMENT,
  `schoolsession_id` bigint unsigned NOT NULL,
  `semester_id` bigint unsigned NOT NULL,
  `resumption_date` text COLLATE utf8mb4_unicode_ci NOT NULL,
  `vacation_date` text COLLATE utf8mb4_unicode_ci NOT NULL,
  `created_at` timestamp NULL DEFAULT NULL,
  `updated_at` timestamp NULL DEFAULT NULL,
  PRIMARY KEY (`id`)
) ENGINE=InnoDB AUTO_INCREMENT=11 DEFAULT CHARSET=utf8mb4 COLLATE=utf8mb4_unicode_ci;

-- Dumping data for table result_grading.resumptions: ~4 rows (approximately)
INSERT INTO `resumptions` (`id`, `schoolsession_id`, `semester_id`, `resumption_date`, `vacation_date`, `created_at`, `updated_at`) VALUES
	(2, 6, 1, '2025-09-04', '2025-04-18', '2025-03-18 16:52:58', '2025-04-09 19:52:36'),
	(3, 6, 3, '2025-03-21', '2025-03-14', '2025-03-19 08:12:08', '2025-03-19 08:12:08'),
	(5, 6, 1, '2025-03-22', '2025-03-21', '2025-03-19 08:31:44', '2025-03-19 08:31:44'),
	(6, 6, 1, '2025-03-10', '2025-03-22', '2025-03-21 06:13:44', '2025-03-21 06:13:44'),
	(7, 6, 3, '2025-03-11', '2025-03-22', '2025-03-21 06:14:54', '2025-03-21 06:14:54'),
	(8, 1, 2, '2025-06-07', '2025-04-27', '2025-05-16 08:50:43', '2025-05-16 08:50:43'),
	(9, 3, 1, '2025-05-30', '2025-05-30', '2025-05-27 12:50:58', '2025-05-27 12:50:58'),
	(10, 3, 2, '2025-05-30', '2025-05-07', '2025-05-27 12:51:12', '2025-05-27 12:51:12');

-- Dumping structure for table result_grading.school_sessions
CREATE TABLE IF NOT EXISTS `school_sessions` (
  `id` bigint unsigned NOT NULL AUTO_INCREMENT,
  `name` varchar(255) COLLATE utf8mb4_unicode_ci NOT NULL,
  `slug` varchar(255) COLLATE utf8mb4_unicode_ci NOT NULL,
  `status` varchar(255) COLLATE utf8mb4_unicode_ci NOT NULL,
  `created_at` timestamp NULL DEFAULT NULL,
  `updated_at` timestamp NULL DEFAULT NULL,
  PRIMARY KEY (`id`)
) ENGINE=InnoDB AUTO_INCREMENT=10 DEFAULT CHARSET=utf8mb4 COLLATE=utf8mb4_unicode_ci;

-- Dumping data for table result_grading.school_sessions: ~9 rows (approximately)
INSERT INTO `school_sessions` (`id`, `name`, `slug`, `status`, `created_at`, `updated_at`) VALUES
	(1, '2027/2028', '', '0', '2025-02-18 20:11:34', '2025-02-18 20:11:34'),
	(2, '2026/2027', '', '0', '2025-02-18 20:11:34', '2025-02-18 20:11:34'),
	(3, '2025/2026', '', '0', '2025-02-18 20:11:34', '2025-02-18 20:11:34'),
	(4, '2024/2025', '', '0', '2025-02-18 20:11:34', '2025-02-18 20:11:34'),
	(5, '2023/2024', '', '0', '2025-02-18 20:11:34', '2025-02-18 20:11:34'),
	(6, '2022/2023', '', '0', '2025-02-18 20:11:34', '2025-02-18 20:11:34'),
	(7, '2021/2022', '20212022', '0', '2025-02-18 20:11:34', '2025-04-24 11:41:42'),
	(8, '2020/2021', '20202021', '0', '2025-02-18 20:11:34', '2025-04-24 11:41:24'),
	(9, '2028/2029', '20282029', '1', '2025-04-24 11:48:09', '2025-04-24 12:21:34');

-- Dumping structure for table result_grading.semesters
CREATE TABLE IF NOT EXISTS `semesters` (
  `id` bigint unsigned NOT NULL AUTO_INCREMENT,
  `name` varchar(255) COLLATE utf8mb4_unicode_ci NOT NULL,
  `slug` varchar(255) COLLATE utf8mb4_unicode_ci NOT NULL,
  `status` varchar(50) COLLATE utf8mb4_unicode_ci DEFAULT NULL,
  `created_at` timestamp NULL DEFAULT NULL,
  `updated_at` timestamp NULL DEFAULT NULL,
  PRIMARY KEY (`id`)
) ENGINE=InnoDB AUTO_INCREMENT=14 DEFAULT CHARSET=utf8mb4 COLLATE=utf8mb4_unicode_ci;

-- Dumping data for table result_grading.semesters: ~3 rows (approximately)
INSERT INTO `semesters` (`id`, `name`, `slug`, `status`, `created_at`, `updated_at`) VALUES
	(1, 'first term', 'first term', '0', '2025-02-18 20:11:34', '2025-02-18 20:11:34'),
	(2, 'second term', 'second term', '0', '2025-02-18 20:11:34', '2025-02-18 20:11:34'),
	(3, 'third term', 'third term', '0', '2025-02-18 20:11:34', '2025-02-18 20:11:34');

-- Dumping structure for table result_grading.sessions
CREATE TABLE IF NOT EXISTS `sessions` (
  `id` varchar(255) COLLATE utf8mb4_unicode_ci NOT NULL,
  `user_id` bigint unsigned DEFAULT NULL,
  `ip_address` varchar(45) COLLATE utf8mb4_unicode_ci DEFAULT NULL,
  `user_agent` text COLLATE utf8mb4_unicode_ci,
  `payload` longtext COLLATE utf8mb4_unicode_ci NOT NULL,
  `last_activity` int NOT NULL,
  PRIMARY KEY (`id`),
  KEY `sessions_user_id_index` (`user_id`),
  KEY `sessions_last_activity_index` (`last_activity`)
) ENGINE=InnoDB DEFAULT CHARSET=utf8mb4 COLLATE=utf8mb4_unicode_ci;

-- Dumping data for table result_grading.sessions: ~1 rows (approximately)
INSERT INTO `sessions` (`id`, `user_id`, `ip_address`, `user_agent`, `payload`, `last_activity`) VALUES
	('U9zSU7crfOBAxTdQnvMOqxbwml0XJ6V5AAO51PnV', NULL, '127.0.0.1', 'Mozilla/5.0 (Windows NT 10.0; Win64; x64) AppleWebKit/537.36 (KHTML, like Gecko) Chrome/135.0.0.0 Safari/537.36', 'YTo0OntzOjY6Il90b2tlbiI7czo0MDoiUkIxamlPZmVGMmxlcUF0RFYyeXhaT1FnWnpISlg0ZDZXb0hiTVQ5ciI7czo5OiJfcHJldmlvdXMiO2E6MTp7czozOiJ1cmwiO3M6Mzg6Imh0dHA6Ly8xMjcuMC4wLjE6ODAwMC9hZG1pbi9yZXN1bXB0aW9uIjt9czo2OiJfZmxhc2giO2E6Mjp7czozOiJvbGQiO2E6MTp7aTowO3M6Nzoic3VjY2VzcyI7fXM6MzoibmV3IjthOjA6e319czo1MjoibG9naW5fYWRtaW5fNTliYTM2YWRkYzJiMmY5NDAxNTgwZjAxNGM3ZjU4ZWE0ZTMwOTg5ZCI7aToxO30=', 1748353872);

-- Dumping structure for table result_grading.students
CREATE TABLE IF NOT EXISTS `students` (
  `id` bigint unsigned NOT NULL AUTO_INCREMENT,
  `register_number` varchar(255) COLLATE utf8mb4_unicode_ci NOT NULL,
  `first_name` varchar(255) COLLATE utf8mb4_unicode_ci NOT NULL,
  `last_name` varchar(255) COLLATE utf8mb4_unicode_ci NOT NULL,
  `other_name` varchar(255) COLLATE utf8mb4_unicode_ci DEFAULT NULL,
  `email` varchar(255) COLLATE utf8mb4_unicode_ci NOT NULL,
  `phone` varchar(255) COLLATE utf8mb4_unicode_ci NOT NULL,
  `class_id` varchar(255) COLLATE utf8mb4_unicode_ci NOT NULL,
  `schoolSession_id` varchar(255) COLLATE utf8mb4_unicode_ci NOT NULL,
  `status` varchar(255) COLLATE utf8mb4_unicode_ci NOT NULL,
  `created_at` timestamp NULL DEFAULT NULL,
  `updated_at` timestamp NULL DEFAULT NULL,
  PRIMARY KEY (`id`)
) ENGINE=InnoDB AUTO_INCREMENT=6 DEFAULT CHARSET=utf8mb4 COLLATE=utf8mb4_unicode_ci;

-- Dumping data for table result_grading.students: ~5 rows (approximately)
INSERT INTO `students` (`id`, `register_number`, `first_name`, `last_name`, `other_name`, `email`, `phone`, `class_id`, `schoolSession_id`, `status`, `created_at`, `updated_at`) VALUES
	(1, '22222222222222', 'Alade', 'Odunayo', 'Isreal', 'jhdjjksjkd@gmail.com', '33333333344', '5', '6', '0', '2025-02-18 20:40:48', '2025-05-26 05:32:25'),
	(2, '22222222222222', 'Odunayo', 'swdasdac', 'kjdnkndl', 'odun@gmail.com', '33333333344', '5', '6', '0', '2025-02-18 20:40:48', '2025-02-18 20:40:48'),
	(3, '22222222222222', 'Odunayo', 'swdasdac', 'kjdnkndl', 'odun@gmail.com', '33333333344', '5', '6', '0', '2025-02-18 20:40:48', '2025-03-21 06:49:39'),
	(4, '22222222222222', 'dddddddd', 'ssssssss', 'dddddddd', 'kujeeeeed@gmail.com', '2222233333334', '3', '6', '0', '2025-04-24 12:03:06', '2025-05-26 04:57:58'),
	(5, '22222222222222', 'oidlksmda', 'dddddd', 'dfdvdvfd', 'user@gmail.com', '22222222233', '3', '6', '0', '2025-05-26 04:51:03', '2025-05-26 04:54:06');

-- Dumping structure for table result_grading.student_classes
CREATE TABLE IF NOT EXISTS `student_classes` (
  `id` bigint unsigned NOT NULL AUTO_INCREMENT,
  `name` varchar(255) COLLATE utf8mb4_unicode_ci NOT NULL,
  `slug` varchar(255) COLLATE utf8mb4_unicode_ci NOT NULL,
  `status` varchar(50) COLLATE utf8mb4_unicode_ci NOT NULL,
  `created_at` timestamp NULL DEFAULT NULL,
  `updated_at` timestamp NULL DEFAULT NULL,
  PRIMARY KEY (`id`)
) ENGINE=InnoDB AUTO_INCREMENT=19 DEFAULT CHARSET=utf8mb4 COLLATE=utf8mb4_unicode_ci;

-- Dumping data for table result_grading.student_classes: ~9 rows (approximately)
INSERT INTO `student_classes` (`id`, `name`, `slug`, `status`, `created_at`, `updated_at`) VALUES
	(1, 'JSS1', 'jss1', '0', '2025-02-18 20:39:55', '2025-04-24 12:26:39'),
	(2, 'JSS2', 'jss2', '0', '2025-02-18 20:39:55', '2025-02-18 20:39:55'),
	(3, 'JSS3', 'jss3', '0', '2025-02-18 20:39:55', '2025-02-18 20:39:55'),
	(4, 'SSS1', 'sss1', '0', '2025-02-18 20:39:55', '2025-02-18 20:39:55'),
	(5, 'SSS2', 'sss2', '0', '2025-02-18 20:39:55', '2025-02-18 20:39:55'),
	(6, 'SSS3', 'sss3', '0', '2025-02-18 20:39:55', '2025-02-18 20:39:55'),
	(7, 'SS1A', 'ss1-a', '1', '2025-04-23 16:29:22', '2025-04-24 12:28:40'),
	(16, 'SS1 C', 'ss1c', '0', '2025-05-14 11:43:30', '2025-05-14 11:43:30'),
	(17, 'jss 1a', 'jss-1a', '1', '2025-05-16 08:12:16', '2025-05-16 08:12:27');

-- Dumping structure for table result_grading.subjects
CREATE TABLE IF NOT EXISTS `subjects` (
  `id` bigint unsigned NOT NULL AUTO_INCREMENT,
  `class_id` varchar(255) COLLATE utf8mb4_unicode_ci NOT NULL,
  `name` varchar(255) COLLATE utf8mb4_unicode_ci NOT NULL,
  `code` varchar(255) COLLATE utf8mb4_unicode_ci NOT NULL,
  `status` varchar(255) COLLATE utf8mb4_unicode_ci NOT NULL,
  `created_at` timestamp NULL DEFAULT NULL,
  `updated_at` timestamp NULL DEFAULT NULL,
  PRIMARY KEY (`id`)
) ENGINE=InnoDB AUTO_INCREMENT=23 DEFAULT CHARSET=utf8mb4 COLLATE=utf8mb4_unicode_ci;

-- Dumping data for table result_grading.subjects: ~18 rows (approximately)
INSERT INTO `subjects` (`id`, `class_id`, `name`, `code`, `status`, `created_at`, `updated_at`) VALUES
	(1, '5', 'math', 'math 501', '0', '2025-02-18 20:11:34', '2025-02-18 20:11:34'),
	(2, '5', 'english', 'eng 50', '0', '2025-02-18 20:11:34', '2025-03-21 20:28:11'),
	(3, '5', 'chemistry', 'chem 501', '0', '2025-02-18 20:11:34', '2025-02-18 20:11:34'),
	(4, '5', 'physics', 'phy 501', '0', '2025-02-18 20:11:34', '2025-02-18 20:11:34'),
	(5, '5', 'biology', 'bio 501', '0', '2025-02-18 20:11:34', '2025-02-18 20:11:34'),
	(6, '3', 'computer', 'com 501', '0', '2025-02-18 20:11:34', '2025-04-09 19:42:30'),
	(7, '5', 'geography', 'geo 501', '0', '2025-02-18 20:11:34', '2025-02-18 20:11:34'),
	(8, '6', 'history', 'his 501', '0', '2025-02-18 20:11:34', '2025-02-18 20:11:34'),
	(9, '6', 'economics', 'eco 501', '0', '2025-02-18 20:11:34', '2025-02-18 20:11:34'),
	(10, '6', 'government', 'gov 501', '0', '2025-02-18 20:11:34', '2025-04-23 16:53:11'),
	(11, '6', 'yoruba', 'you 50', '0', '2025-02-18 20:11:34', '2025-03-21 20:32:15'),
	(15, '17', 'computer', 'com 101', '0', '2025-05-16 08:13:43', '2025-05-16 08:13:43'),
	(16, '5', 'CRK', 'CRK 101', '0', '2025-05-26 02:23:51', '2025-05-26 02:23:51'),
	(17, '5', 'ANIMAL HUSBUDARY', 'AH 101', '0', '2025-05-26 02:24:53', '2025-05-26 02:24:53'),
	(18, '5', 'ECONOMICS', 'ECO 101', '0', '2025-05-26 02:25:46', '2025-05-26 02:25:46'),
	(19, '5', 'AGRIC', 'AGR 101', '0', '2025-05-26 02:26:43', '2025-05-26 02:26:43'),
	(20, '3', 'math', 'math 101', '0', '2025-05-26 04:52:55', '2025-05-26 04:52:55'),
	(21, '3', 'English', 'eng 101', '0', '2025-05-26 05:10:56', '2025-05-26 05:10:56'),
	(22, '5', 'Art', 'Art 101', '1', '2025-05-27 12:39:13', '2025-05-27 12:40:36');

-- Dumping structure for table result_grading.total_attendances
CREATE TABLE IF NOT EXISTS `total_attendances` (
  `id` bigint unsigned NOT NULL AUTO_INCREMENT,
  `student_id` bigint unsigned NOT NULL,
  `schoolsession_id` bigint unsigned NOT NULL,
  `semester_id` bigint unsigned NOT NULL,
  `total` varchar(255) CHARACTER SET utf8mb4 COLLATE utf8mb4_unicode_ci NOT NULL,
  `status` varchar(255) CHARACTER SET utf8mb4 COLLATE utf8mb4_unicode_ci NOT NULL,
  `created_at` timestamp NULL DEFAULT NULL,
  `updated_at` timestamp NULL DEFAULT NULL,
  PRIMARY KEY (`id`),
  KEY `total_attendances_student_id_foreign` (`student_id`),
  CONSTRAINT `total_attendances_student_id_foreign` FOREIGN KEY (`student_id`) REFERENCES `students` (`id`) ON DELETE CASCADE
) ENGINE=InnoDB AUTO_INCREMENT=5 DEFAULT CHARSET=utf8mb4 COLLATE=utf8mb4_unicode_ci;

-- Dumping data for table result_grading.total_attendances: ~3 rows (approximately)
INSERT INTO `total_attendances` (`id`, `student_id`, `schoolsession_id`, `semester_id`, `total`, `status`, `created_at`, `updated_at`) VALUES
	(2, 1, 6, 1, '123', '0', '2025-05-24 10:31:12', '2025-05-24 11:05:07'),
	(3, 1, 6, 2, '144', '0', '2025-05-26 02:52:44', '2025-05-26 06:07:10'),
	(4, 1, 6, 3, '100', '0', '2025-05-26 05:17:35', '2025-05-26 06:07:03');

-- Dumping structure for table result_grading.users
CREATE TABLE IF NOT EXISTS `users` (
  `id` bigint unsigned NOT NULL AUTO_INCREMENT,
  `name` varchar(255) COLLATE utf8mb4_unicode_ci NOT NULL,
  `email` varchar(255) COLLATE utf8mb4_unicode_ci NOT NULL,
  `email_verified_at` timestamp NULL DEFAULT NULL,
  `password` varchar(255) COLLATE utf8mb4_unicode_ci NOT NULL,
  `remember_token` varchar(100) COLLATE utf8mb4_unicode_ci DEFAULT NULL,
  `created_at` timestamp NULL DEFAULT NULL,
  `updated_at` timestamp NULL DEFAULT NULL,
  PRIMARY KEY (`id`),
  UNIQUE KEY `users_email_unique` (`email`)
) ENGINE=InnoDB DEFAULT CHARSET=utf8mb4 COLLATE=utf8mb4_unicode_ci;

-- Dumping data for table result_grading.users: ~0 rows (approximately)

/*!40103 SET TIME_ZONE=IFNULL(@OLD_TIME_ZONE, 'system') */;
/*!40101 SET SQL_MODE=IFNULL(@OLD_SQL_MODE, '') */;
/*!40014 SET FOREIGN_KEY_CHECKS=IFNULL(@OLD_FOREIGN_KEY_CHECKS, 1) */;
/*!40101 SET CHARACTER_SET_CLIENT=@OLD_CHARACTER_SET_CLIENT */;
/*!40111 SET SQL_NOTES=IFNULL(@OLD_SQL_NOTES, 1) */;
